"","ACC","GenSp","SubSp","Strain1","Strain2","Gene","comments","Clustering Numbers"
"1","NR_044773.1 ","Mycoplasma eachii"," ","PG50","","16S ribosomal RNA","partial sequence",93
"2","NR_074664.1 ","Mycoplasma apricolum"," subsp. capricolum ","ATCC 27343","","16S ribosomal RNA","partial sequence",93
"3","NR_103928.1 ","Mycoplasma eachii"," ","PG50","","16S ribosomal RNA","partial sequence",93
"4","NR_074703.2 ","Mycoplasma ycoides"," subsp. mycoides","","strain PG1","16S ribosomal RNA","complete sequence",93
"5","NR_037061.1 ","Mycoplasma apricolum"," subsp. capripneumoniae","","strain F38","16S ribosomal RNA","partial sequence",93
"6","NR_041931.1 ","Mesomycoplasma olare"," ","","strain H542","16S ribosomal RNA","partial sequence",105
"7","NR_074611.1 ","Mycoplasma enitalium"," ","","strain G-37","16S ribosomal RNA","partial sequence",106
"8","NR_028860.1 ","Williamsoniiplasma ucivorax"," ","","strain PIPN-2","16S ribosomal RNA","partial sequence",107
"9","NR_041881.1 ","Mycoplasma ominis"," ","ATCC 23114","strain PG21","16S ribosomal RNA","complete sequence",108
"10","NR_074603.1 ","Mycoplasma ominis"," ","ATCC 23114","","16S ribosomal RNA","complete sequence",108
"11","NR_025707.1 ","Spiroplasma eptinotarsae"," ","","strain LD-1B","16S ribosomal RNA","partial sequence",111
"12","NR_108494.1 ","Metamycoplasma eophronis"," ","","strain G.A","16S ribosomal RNA","partial sequence",112
"13","NR_025697.1 ","Spiroplasma lleghenense"," ","","strain PLHS-1","16S ribosomal RNA","partial sequence",114
"14","NR_025698.1 ","Spiroplasma hinense"," ","","strain CCH","16S ribosomal RNA","partial sequence",115
"15","NR_025700.1 ","Spiroplasma orruscae"," ","","strain EC-1","16S ribosomal RNA","partial sequence",116
"16","NR_025702.1 ","Spiroplasma iminutum"," ","","strain CUAS-1","16S ribosomal RNA","partial sequence",117
"17","NR_025708.1 ","Spiroplasma itorale"," ","","strain TN-1","16S ribosomal RNA","partial sequence",116
"18","NR_025710.1 ","Spiroplasma abaudiense"," ","","strain Ar-1343","16S ribosomal RNA","partial sequence",114
"19","NR_025711.1 ","Spiroplasma yrphidicola"," ","","strain EA-1","16S ribosomal RNA","partial sequence",118
"20","NR_025712.1 ","Spiroplasma uronicum"," ","","strain Tab-4c","16S ribosomal RNA","partial sequence",116
"21","NR_074620.2 ","Mesomycoplasma obile"," ","","strain 163K","16S ribosomal RNA","complete sequence",119
"22","NR_025699.1 ","Spiroplasma hrysopicola"," ","","strain DF-1","16S ribosomal RNA","partial sequence",118
"23","NR_025701.1 ","Spiroplasma ulicicola"," ","","strain AES-1","16S ribosomal RNA","partial sequence",123
"24","NR_025705.1 ","Spiroplasma nsolitum"," ","","strain M55","16S ribosomal RNA","partial sequence",124
"25","NR_025706.1 ","Spiroplasma ampyridicola"," ","","strain PUP-1","16S ribosomal RNA","partial sequence",125
"26","NR_025713.1 ","Spiroplasma elocicrescens"," ","","strain MQ-4","16S ribosomal RNA","partial sequence",115
"27","NR_025756.1 ","Spiroplasma elliferum"," ","","strain BC-3","16S ribosomal RNA","partial sequence",124
"28","NR_025709.1 ","Spiroplasma ontanense"," ","","strain HYOS-1","16S ribosomal RNA","partial sequence",128
"29","NR_102850.2 ","Mycoplasmopsis ovis"," ","","strain PG45","16S ribosomal RNA","complete sequence",129
"30","NR_036946.2 ","Mycoplasmopsis ovis"," ","","strain Donetta","16S ribosomal RNA","complete sequence",129
"31","NR_042948.1 ","Mycoplasma mphoriforme"," ","A39","","16S ribosomal RNA","partial sequence",133
"32","NR_043199.1 ","Metamycoplasma rale"," ","","strain NC10112","16S ribosomal RNA","partial sequence",134
"33","NR_117836.1 ","Mycoplasma mphoriforme"," ","A39","","16S ribosomal RNA","partial sequence",133
"34","NR_029183.1 ","Metamycoplasma yosynoviae"," ","","strain S-16","16S ribosomal RNA","partial sequence",143
"35","NR_042854.1 ","Entomoplasma elaleucae"," ","","strain M1","16S ribosomal RNA","partial sequence",147
"36","NR_025676.1 ","Williamsoniiplasma uminosum"," ","","strain PIMN-1","16S ribosomal RNA","partial sequence",152
"37","NR_025960.1 ","Acholeplasma culi"," ","","strain 19L","16S ribosomal RNA","partial sequence",153
"38","NR_026155.1 ","Mycoplasma enitalium"," ","","strain G37","16S ribosomal RNA","partial sequence",106
"39","NR_025677.1 ","Williamsoniiplasma omnilux"," ","","strain PYAN-1","16S ribosomal RNA","partial sequence",155
"40","NR_074301.1 ","Mycoplasma rocodyli"," ","MP145","","16S ribosomal RNA","partial sequence",156
"41","NR_041751.1 ","Mycoplasma neumoniae"," ","FH","strain ATCC 15531","16S ribosomal RNA","partial sequence",158
"42","NR_025180.1 ","Mycoplasmopsis ricetuli"," ","","strain CH","16S ribosomal RNA","partial sequence",165
"43","NR_044674.2 ","Mycoplasmopsis ipophila"," ","","strain MaBy","16S ribosomal RNA","partial sequence",166
"44","NR_044673.2 ","Metamycoplasma rthritidis"," ","","strain PG6","16S ribosomal RNA","partial sequence",167
"45","NR_114636.1 ","Mesomycoplasma ollis"," ","","strain 58B","16S ribosomal RNA","partial sequence",165
"46","NR_115318.1 ","Mycoplasma phenisci"," ","","strain UCMJ","16S ribosomal RNA","partial sequence",168
"47","NR_044781.1 ","Mesomycoplasma onjunctivae"," ","","strain HRC/583","16S ribosomal RNA","partial sequence",170
"48","NR_025961.1 ","Acholeplasma aidlawii"," ","","strain PG8","16S ribosomal RNA","partial sequence",174
"49","NR_025989.1 ","Mesomycoplasma vipneumoniae"," ","","strain Y-98","16S ribosomal RNA","partial sequence",178
"50","NR_025182.1 ","Mesomycoplasma ispar"," ","","strain 462/2","16S ribosomal RNA","partial sequence",179
"51","NR_025987.1 ","Mesomycoplasma ovoculi"," ","M165/69","","16S ribosomal RNA","partial sequence",182
"52","NR_044665.3 ","Mesomycoplasma eurolyticum"," ","","strain ATCC 19988","16S ribosomal RNA","partial sequence",183
"53","NR_118703.1 ","Entomoplasma elaleucae"," ","","strain M1","16S ribosomal RNA","partial sequence",188
"54","NR_104953.1 ","Mycoplasmopsis dwardii"," ","","strain ATCC 23462","16S ribosomal RNA","partial sequence",193
"55","NR_025185.1 ","Mesomycoplasma agogenitalium"," ","","strain 12MS","16S ribosomal RNA","partial sequence",196
"56","NR_024980.1 ","Metamycoplasma pumans"," ","","strain PG13","16S ribosomal RNA","partial sequence",200
"57","NR_158114.1 ","Mycoplasma ullyi"," ","","strain 56A97","16S ribosomal RNA","partial sequence",201
"58","NR_024984.1 ","Metamycoplasma alconis"," ","","strain H/T1","16S ribosomal RNA","partial sequence",203
"59","NR_041744.1 ","Mycoplasmopsis ulmonis"," ","","strain PG34","16S ribosomal RNA","partial sequence",204
"60","NR_041845.1 ","Mesomycoplasma yorhinis"," ","","strain BTS7","16S ribosomal RNA","partial sequence",205
"61","NR_114637.1 ","Mesomycoplasma olare"," ","","strain H542","16S ribosomal RNA","partial sequence",105
"62","NR_025896.1 ","Mycoplasma orogypsi"," ","","strain BV1","16S ribosomal RNA","partial sequence",209
"63","NR_026036.1 ","Mycoplasma ottewii"," ","","strain VIS","16S ribosomal RNA","partial sequence",210
"64","NR_026037.1 ","Mycoplasma eatsii"," ","","strain GIH","16S ribosomal RNA","partial sequence",210
"65","NR_025064.1 ","Mycoplasmopsis ners"," ","","strain PG30","16S ribosomal RNA","partial sequence",211
"66","NR_118700.1 ","Mycoplasma ominis"," ","ATCC 23114","strain PG21","16S ribosomal RNA","partial sequence",212
"67","NR_025971.1 ","Mycoplasma utrefaciens"," ","KS1","","16S ribosomal RNA","partial sequence",210
"68","NR_025988.1 ","Metamycoplasma anadense"," ","","strain 275c","16S ribosomal RNA","partial sequence",221
"69","NR_025133.1 ","Metamycoplasma hocicerebrale"," ","","strain 1049","16S ribosomal RNA","partial sequence",222
"70","NR_025135.1 ","[Mycoplasma] hocidae"," ","","strain 105","16S ribosomal RNA","partial sequence",223
"71","NR_118794.1 ","Mycoplasma ycoides"," subsp. capri","","strain PG3","16S ribosomal RNA","partial sequence",93
"72","NR_118795.1 ","Mycoplasma apricolum"," subsp. capripneumoniae","","strain F38","16S ribosomal RNA","partial sequence",93
"73","NR_118796.1 ","Mycoplasma apricolum"," subsp. capricolum ","ATCC 27343","","16S ribosomal RNA","partial sequence",93
"74","NR_118797.1 ","Mycoplasma eachii"," ","PG50","","16S ribosomal RNA","partial sequence",93
"75","NR_041745.1 ","Metamycoplasma alivarium"," ","","strain PG20","16S ribosomal RNA","partial sequence",228
"76","NR_044671.2 ","Mesomycoplasma obile"," ","","strain 163K","16S ribosomal RNA","partial sequence",119
"77","NR_025984.1 ","Metamycoplasma lkalescens"," ","","strain PG51","16S ribosomal RNA","partial sequence",229
"78","NR_026017.1 ","Mycoplasmopsis ullorum"," ","","strain CKK","16S ribosomal RNA","partial sequence",230
"79","NR_024978.1 ","Metamycoplasma quirhinis"," ","","strain M432/72","16S ribosomal RNA","partial sequence",233
"80","NR_024979.1 ","Metamycoplasma uccale"," ","","strain CH20247","16S ribosomal RNA","partial sequence",234
"81","NR_044668.2 ","Mycoplasmopsis ovigenitalium"," ","","strain PG11","16S ribosomal RNA","partial sequence",235
"82","NR_024981.1 ","Metamycoplasma ubdolum"," ","","strain TB","16S ribosomal RNA","partial sequence",236
"83","NR_024982.1 ","Metamycoplasma ypis"," ","","strain B1/T1","16S ribosomal RNA","partial sequence",237
"84","NR_025068.1 ","Mycoplasmopsis rimatum"," ","","strain HRC292","16S ribosomal RNA","partial sequence",238
"85","NR_044664.2 ","Malacoplasma uris"," ","","strain RIII-4","16S ribosomal RNA","partial sequence",239
"86","NR_026035.1 ","Metamycoplasma uris"," ","","strain UIA","16S ribosomal RNA","partial sequence",241
"87","NR_024977.1 ","Metamycoplasma nseris"," ","","strain 1219","16S ribosomal RNA","partial sequence",242
"88","NR_025186.1 ","Mesomycoplasma oatsii"," ","","strain MK405","16S ribosomal RNA","partial sequence",243
"89","NR_044669.2 ","Malacoplasma owae"," ","695","","16S ribosomal RNA","partial sequence",244
"90","NR_113672.1 ","Mesomycoplasma eurolyticum"," ","","strain NBRC 14799","16S ribosomal RNA","partial sequence",245
"91","NR_025070.1 ","Mycoplasmopsis quigenitalium"," ","","strain T37","16S ribosomal RNA","partial sequence",246
"92","NR_025071.1 ","Mycoplasma lephantis"," ","","strain E42","16S ribosomal RNA","partial sequence",246
"93","NR_041743.1 ","Mycoplasmopsis rginini"," ","","strain G230","16S ribosomal RNA","partial sequence",221
"94","NR_041846.1 ","Metamycoplasma ualvi"," ","","strain Mayfield B","16S ribosomal RNA","partial sequence",247
"95","NR_044667.2 ","Mycoplasmopsis galactiae"," ","PG2","","16S ribosomal RNA","partial sequence",248
"96","NR_024983.1 ","Metamycoplasma aucium"," ","","strain DC333","16S ribosomal RNA","partial sequence",250
"97","NR_025066.1 ","Mycoplasmopsis aculosa"," ","","strain PG15","16S ribosomal RNA","partial sequence",251
"98","NR_029181.1 ","Mycoplasma eliminutum"," ","","strain Ben","16S ribosomal RNA","partial sequence",252
"99","NR_044666.2 ","Mycoplasmopsis ermentans"," ","","strain PG18","16S ribosomal RNA","partial sequence",253
"100","NR_125608.1 ","Mycoplasmopsis erecunda"," ","","strain ATCC 27862","16S ribosomal RNA","partial sequence",254
"101","NR_074845.1 ","Caldicellulosiruptor accharolyticus"," ","","strain DSM 8903","16S ribosomal RNA","partial sequence",26
"102","NR_102893.1 ","Butyrivibrio roteoclasticus"," ","","strain B316","16S ribosomal RNA","partial sequence",27
"103","NR_117173.1 ","Caldicoprobacter aecalis"," ","","strain DSM 20678","16S ribosomal RNA","partial sequence",28
"104","NR_147776.1 ","Thermanaeromonas urensis"," ","","strain IA 106","16S ribosomal RNA","partial sequence",29
"105","NR_151899.1 ","Desulforamulus errireducens"," ","","strain GSS09","16S ribosomal RNA","partial sequence",30
"106","NR_159908.1 ","Desulfothermobacter cidiphilus"," ","","strain 3408-1","16S ribosomal RNA","partial sequence",31
"107","NR_044284.1 ","Ammonifex hiophilus"," ","","strain SR","16S ribosomal RNA","partial sequence",32
"108","NR_036878.1 ","Caldicellulosiruptor accharolyticus"," ","","strain Tp8T.6331","16S ribosomal RNA gene","partial sequence",26
"109","NR_074807.1 ","Caldicellulosiruptor wensensis"," ","OL","","16S ribosomal RNA","partial sequence",33
"110","NR_074809.1 ","Roseburia ominis"," ","A2-183","","16S ribosomal RNA","partial sequence",34
"111","NR_165727.1 ","Anaerotignum aecicola"," ","","strain KGMB03357","16S ribosomal RNA","complete sequence",35
"112","NR_029150.1 ","Halothermothrix renii"," ","","strain H168","16S ribosomal RNA","partial sequence",36
"113","NR_170495.1 ","Blautia aecicola"," ","","strain KGMB01111","16S ribosomal RNA","complete sequence",37
"114","NR_028740.1 ","Anaerocolumna ylanovorans"," ","","strain HESP1","16S ribosomal RNA","partial sequence",39
"115","NR_042930.1 ","Acetanaerobacterium longatum"," ","","strain Z7","16S ribosomal RNA","partial sequence",40
"116","NR_074788.1 ","Caldicellulosiruptor escii"," ","","strain DSM 6725","16S ribosomal RNA","partial sequence",41
"117","NR_109421.1 ","Desulfosporosinus urensis"," ","","strain BSREI1","16S ribosomal RNA","partial sequence",42
"118","NR_025551.1 ","Desulfosporosinus uripigmenti"," ","","strain OREX-4","16S ribosomal RNA","partial sequence",46
"119","NR_040840.1 ","Pelotomaculum hermopropionicum"," ","SI","","16S ribosomal RNA","partial sequence",47
"120","NR_074766.1 ","Caldicellulosiruptor bsidiansis"," ","OB47","","16S ribosomal RNA","partial sequence",48
"121","NR_074767.1 ","Caldicellulosiruptor ydrothermalis"," ","108","","16S ribosomal RNA","partial sequence",49
"122","NR_074768.1 ","Caldicellulosiruptor ristjanssonii"," ","I77R1B","","16S ribosomal RNA","partial sequence",50
"123","NR_074769.1 ","Caldicellulosiruptor ronotskyensis"," ","","strain 2002","16S ribosomal RNA","partial sequence",51
"124","NR_074772.1 ","Caldicellulosiruptor cetigenus"," ","","strain 6A","16S ribosomal RNA","partial sequence",50
"125","NR_102969.1 ","Thermoanaerobacter seudethanolicus"," ","","strain 39E","16S ribosomal RNA","partial sequence",52
"126","NR_171389.1 ","Blautia rgi"," ","","strain KCTC 15426","16S ribosomal RNA","complete sequence",53
"127","NR_025758.1 ","Mahella ustraliensis"," ","50-1 BON","","16S ribosomal RNA","partial sequence",56
"128","NR_074758.1 ","Sulfobacillus cidophilus"," ","DSM 10332","","16S ribosomal RNA","partial sequence",57
"129","NR_109614.1 ","Caldicoprobacter uelmensis"," ","","strain D2C22","16S ribosomal RNA","partial sequence",58
"130","NR_115681.1 ","Syntrophomonas recta"," subsp. sporosyntropha","","strain 5-3-Z","16S ribosomal RNA","partial sequence",59
"131","NR_117593.1 ","Caldanaerobacter ubterraneus"," ","","strain DSM 13054","16S ribosomal RNA","partial sequence",60
"132","NR_171390.1 ","Blautia rgi"," ","","strain KCTC 15426","16S ribosomal RNA","complete sequence",53
"133","NR_027603.1 ","Desulfitobacterium afniense"," ","DCB-2","","16S ribosomal RNA","partial sequence",62
"134","NR_102480.1 ","Halobacteroides alobius"," ","DSM 5150","","16S ribosomal RNA","partial sequence",63
"135","NR_074793.2 ","Oscillibacter alericigenes"," ","","strain Sjm18-20","16S ribosomal RNA","complete sequence",64
"136","NR_171388.1 ","Blautia rgi"," ","","strain KCTC 15426","16S ribosomal RNA","complete sequence",53
"137","NR_025757.1 ","Cryptanaerobacter henolicus"," ","","strain LR7.2","16S ribosomal RNA","partial sequence",65
"138","NR_028785.1 ","[Clostridium] cindens"," ","","strain ATCC 35704","16S ribosomal RNA","partial sequence",66
"139","NR_104783.1 ","Acetivibrio thanolgignens"," ","","strain 77-6","16S ribosomal RNA","partial sequence",67
"140","NR_113196.1 ","Moorella hermoacetica"," ","","strain JCM 9319","16S ribosomal RNA","partial sequence",68
"141","NR_115338.1 ","[Desulfotomaculum] alinum"," ","","strain 435","16S ribosomal RNA","partial sequence",69
"142","NR_117610.1 ","Thermoanaerobacter rockii"," ","","strain DSM 1457","16S ribosomal RNA","partial sequence",52
"143","NR_156976.1 ","Desulfosporosinus ructosivorans"," ","","strain 63.6F","16S ribosomal RNA","partial sequence",70
"144","NR_026044.1 ","Halanaerobium ongolense"," ","","strain SEBR 4224","16S ribosomal RNA","partial sequence",71
"145","NR_044504.1 ","Fervidicola errireducens"," ","","strain Y170","16S ribosomal RNA","partial sequence",72
"146","NR_044948.1 ","Desulfallas hermosapovorans"," ","DSM 6562","strain MLF","16S ribosomal RNA","partial sequence",73
"147","NR_074723.1 ","Thermacetogenium haeum"," ","DSM 12270","","16S ribosomal RNA","partial sequence",74
"148","NR_113393.1 ","Peptococcus iger"," ","","strain JCM 6506","16S ribosomal RNA","partial sequence",75
"149","NR_117608.1 ","Thermoanaerobacter rockii"," ","","strain DSM 1457","16S ribosomal RNA","partial sequence",52
"150","NR_117609.1 ","Thermoanaerobacter rockii"," ","","strain DSM 1457","16S ribosomal RNA","partial sequence",52
"151","NR_171392.1 ","Blautia rgi"," ","","strain KCTC 15426","16S ribosomal RNA","complete sequence",53
"152","NR_175571.1 ","Clostridium anihotivorum"," ","","strain CT4","16S ribosomal RNA","partial sequence",76
"153","NR_175572.1 ","Clostridium anihotivorum"," ","","strain CT4","16S ribosomal RNA","partial sequence",76
"154","NR_074696.1 ","Mahella ustraliensis"," ","50-1 BON","","16S ribosomal RNA","partial sequence",56
"155","NR_074701.1 ","Caldanaerobacter ubterraneus"," subsp. tengcongensis","","strain MB4","16S ribosomal RNA","partial sequence",77
"156","NR_104866.1 ","Sporohalobacter ortetii"," ","","strain MD-2","16S ribosomal RNA","partial sequence",78
"157","NR_026061.1 ","Desulfohalotomaculum alophilum"," ","","strain SEBR 3139","16S ribosomal RNA","partial sequence",79
"158","NR_074685.1 ","Pelotomaculum hermopropionicum"," ","SI","","16S ribosomal RNA","partial sequence",47
"159","NR_114543.1 ","Caldanaerobacter ubterraneus"," subsp. tengcongensis","","strain MB4","16S ribosomal RNA","partial sequence",80
"160","NR_115693.1 ","Gracilibacter hermotolerans"," ","JW/YJL-S1","","16S ribosomal RNA","partial sequence",81
"161","NR_117131.1 ","Faecalicatena rotica"," ","","strain DSM 1287","16S ribosomal RNA","partial sequence",82
"162","NR_117563.1 ","Faecalicatena issicatena"," ","","","16S ribosomal RNA","partial sequence",83
"163","NR_117591.1 ","Caldanaerobacter ubterraneus"," ","","strain DSM 13054","16S ribosomal RNA","partial sequence",84
"164","NR_117602.1 ","Sporohalobacter ortetii"," ","","strain DSM 3070","16S ribosomal RNA","partial sequence",78
"165","NR_118801.1 ","Halanaerobium cetethylicum"," ","","strain EIGI","16S ribosomal RNA","partial sequence",85
"166","NR_175570.1 ","Clostridium anihotivorum"," ","","strain CT4","16S ribosomal RNA","partial sequence",76
"167","NR_175577.1 ","Clostridium anihotivorum"," ","","strain CT4","16S ribosomal RNA","partial sequence",86
"168","NR_175578.1 ","Clostridium anihotivorum"," ","","strain CT4","16S ribosomal RNA","partial sequence",76
"169","NR_175579.1 ","Clostridium anihotivorum"," ","","strain CT4","16S ribosomal RNA","partial sequence",76
"170","NR_024886.1 ","Fusibacter aucivorans"," ","","strain SEBR 4211","16S ribosomal RNA","partial sequence",88
"171","NR_041882.1 ","Robinsoniella eoriensis"," ","","strain PPC31","16S ribosomal RNA","partial sequence",89
"172","NR_040943.1 ","Sulfobacillus cidophilus"," ","DSM 10332","","16S ribosomal RNA","partial sequence",57
"173","NR_074672.1 ","Acetohalobium rabaticum"," ","DSM 5501","","16S ribosomal RNA","partial sequence",90
"174","NR_074681.1 ","Thermoanaerobacter athranii"," subsp. mathranii ","str. A3","","16S ribosomal RNA","partial sequence",91
"175","NR_114757.1 ","Desulfofundulus uznetsovii"," ","DSM 6115","strain 17","16S ribosomal RNA","partial sequence",7
"176","NR_117126.1 ","Faecalicatena rotica"," ","","strain DSM 1287","16S ribosomal RNA","partial sequence",82
"177","NR_117127.1 ","Faecalicatena rotica"," ","","strain DSM 1287","16S ribosomal RNA","partial sequence",82
"178","NR_117128.1 ","Faecalicatena rotica"," ","","strain DSM 1287","16S ribosomal RNA","partial sequence",82
"179","NR_117129.1 ","Faecalicatena rotica"," ","","strain DSM 1287","16S ribosomal RNA","partial sequence",82
"180","NR_117130.1 ","Faecalicatena rotica"," ","","strain DSM 1287","16S ribosomal RNA","partial sequence",82
"181","NR_117592.1 ","Caldanaerobacter ubterraneus"," ","","strain DSM 13054","16S ribosomal RNA","partial sequence",84
"182","NR_159146.1 ","Rhabdanaerobium hermarum"," ","","strain SYSU GA15001","16S ribosomal RNA","complete sequence",92
"183","NR_171391.1 ","Blautia rgi"," ","","strain KCTC 15426","16S ribosomal RNA","complete sequence",53
"184","NR_175568.1 ","Clostridium anihotivorum"," ","","strain CT4","16S ribosomal RNA","partial sequence",76
"185","NR_175574.1 ","Clostridium anihotivorum"," ","","strain CT4","16S ribosomal RNA","partial sequence",76
"186","NR_175576.1 ","Clostridium anihotivorum"," ","","strain CT4","16S ribosomal RNA","partial sequence",76
"187","NR_175580.1 ","Clostridium anihotivorum"," ","","strain CT4","16S ribosomal RNA","partial sequence",76
"188","NR_103939.1 ","Desulfoscipio ibsoniae"," ","DSM 7213","","16S ribosomal RNA","partial sequence",94
"189","NR_109724.1 ","Desulfovectis eckii"," ","","strain LINDBHT1","16S ribosomal RNA","partial sequence",95
"190","NR_117140.1 ","Faecalicatena issicatena"," ","","strain DSM 3598","16S ribosomal RNA","partial sequence",83
"191","NR_117147.1 ","Faecalicatena ontorta"," ","","strain DSM 3982","16S ribosomal RNA","partial sequence",96
"192","NR_117354.1 ","Caldinitratiruptor icroaerophilus"," ","","strain CA62N","16S ribosomal RNA","partial sequence",97
"193","NR_137378.1 ","Fusibacter ontis"," ","","strain KhalAKB1","16S ribosomal RNA","partial sequence",98
"194","NR_175569.1 ","Clostridium anihotivorum"," ","","strain CT4","16S ribosomal RNA","partial sequence",76
"195","NR_175581.1 ","Clostridium anihotivorum"," ","","strain CT4","16S ribosomal RNA","partial sequence",76
"196","NR_025897.1 ","Thermoanaerobacter rockii"," subsp. finnii","","strain AKo-1","16S ribosomal RNA","partial sequence",99
"197","NR_027608.1 ","Desulfofarcimen cetoxidans"," ","","strain 5575","16S ribosomal RNA","partial sequence",100
"198","NR_044093.1 ","Proteiniborus thanoligenes"," ","","strain GW","16S ribosomal RNA","partial sequence",101
"199","NR_074645.1 ","Filifactor locis"," ","","strain ATCC 35896","16S ribosomal RNA","partial sequence",102
"200","NR_074652.1 ","Lachnoclostridium hytofermentans"," ","","strain ISDg","16S ribosomal RNA","partial sequence",103
"201","NR_118983.1 ","Legionella ytica"," ","","strain PCM 2298","16S ribosomal RNA","partial sequence",38
"202","NR_117713.1 ","Legionella ansingensis"," ","","strain DSM 19556","16S ribosomal RNA","partial sequence",43
"203","NR_121730.1 ","Legionella akridgensis"," ","","strain OR-10","16S ribosomal RNA","partial sequence",54
"204","NR_152697.1 ","Legionella aoudiensis"," ","","strain LS-1","16S ribosomal RNA","partial sequence",55
"205","NR_104894.1 ","Legionella ackeliae"," ","","strain Lancing 2","16S ribosomal RNA","partial sequence",109
"206","NR_171519.1 ","Legionella ingyii"," ","","strain km488","16S ribosomal RNA","partial sequence",113
"207","NR_117699.1 ","Legionella piritensis"," ","","strain Bibb HSH-9","16S ribosomal RNA","partial sequence",120
"208","NR_109415.1 ","Legionella assiliensis"," ","","strain LegA","16S ribosomal RNA","partial sequence",132
"209","NR_104921.1 ","Legionella neumophila"," subsp. fraseri","","strain Los Angelos-1","16S ribosomal RNA","partial sequence",135
"210","NR_109416.1 ","Legionella unisiensis"," ","","strain LegM","16S ribosomal RNA","partial sequence",138
"211","NR_043927.1 ","Legionella aurinensis"," ","","strain ATCC 700508","16S ribosomal RNA","partial sequence",139
"212","NR_117698.1 ","Legionella anticrucis"," ","","strain SC-63-C7","16S ribosomal RNA","partial sequence",144
"213","NR_041321.1 ","Legionella mpletisoli"," ","","strain OA1-1","16S ribosomal RNA","partial sequence",148
"214","NR_115062.1 ","Legionella resdenensis"," ","","strain W03-356","16S ribosomal RNA","partial sequence",149
"215","NR_036805.1 ","Legionella allonii"," ","","strain LLAP10","16S ribosomal RNA gene","partial sequence",151
"216","NR_026334.1 ","Legionella ytica"," ","","strain L2","16S ribosomal RNA","partial sequence",38
"217","NR_146358.1 ","Legionella hermalis"," ","","strain L-47","16S ribosomal RNA","partial sequence",171
"218","NR_025196.1 ","Legionella usanensis"," ","","strain K9951","16S ribosomal RNA","partial sequence",175
"219","NR_074231.1 ","Legionella neumophila"," ","","strain Philadelphia 1","16S ribosomal RNA","partial sequence",180
"220","NR_041790.1 ","Legionella aceachernii"," ","","strain ATCC 35300","16S ribosomal RNA","partial sequence",184
"221","NR_118712.1 ","Legionella neumophila"," ","","strain Philadelphia 1","16S ribosomal RNA","partial sequence",185
"222","NR_118717.1 ","Tatlockia icdadei"," ","","strain TATLOCK","16S ribosomal RNA","partial sequence",186
"223","NR_026520.1 ","Legionella runensis"," ","","strain 441-1","16S ribosomal RNA","partial sequence",189
"224","NR_118713.1 ","Legionella ackeliae"," ","","strain Lansing-2","16S ribosomal RNA","partial sequence",190
"225","NR_118714.1 ","Legionella ongbeachae"," ","","strain Long Beach-4","16S ribosomal RNA","partial sequence",191
"226","NR_044970.1 ","Legionella adsworthii"," ","","strain NCTC 11532","16S ribosomal RNA","partial sequence",194
"227","NR_024968.1 ","Legionella eliardensis"," ","","strain Montbeliard A1","16S ribosomal RNA","partial sequence",197
"228","NR_118715.1 ","Legionella piritensis"," ","","strain Mt St Helens-9","16S ribosomal RNA","partial sequence",198
"229","NR_119018.1 ","Legionella ordanis"," ","","strain ATCC 33623","16S ribosomal RNA","partial sequence",202
"230","NR_119020.1 ","Legionella ubrilucens"," ","","strain ATCC 35304","16S ribosomal RNA","partial sequence",206
"231","NR_119026.1 ","Legionella incinnatiensis"," ","","strain ATCC 43753","16S ribosomal RNA","partial sequence",207
"232","NR_119028.1 ","Legionella amestowniensis"," ","","strain ATCC 35298","16S ribosomal RNA","partial sequence",208
"233","NR_044953.1 ","Legionella irminghamensis"," ","","strain NCTC 12437","16S ribosomal RNA","partial sequence",213
"234","NR_119017.1 ","Legionella nisa"," ","","strain ATCC 35292","16S ribosomal RNA","partial sequence",214
"235","NR_119019.1 ","Legionella akridgensis"," ","","strain ATCC 33761","16S ribosomal RNA","partial sequence",215
"236","NR_119021.1 ","Legionella ainthelensi"," ","","strain ATCC 35248","16S ribosomal RNA","partial sequence",216
"237","NR_119022.1 ","Legionella teigerwaltii"," ","","strain ATCC 35302","16S ribosomal RNA","partial sequence",217
"238","NR_119023.1 ","Legionella adsworthii"," ","","strain ATCC 33877","16S ribosomal RNA","partial sequence",218
"239","NR_119024.1 ","Legionella herrii"," ","","strain ATCC 35252","16S ribosomal RNA","partial sequence",219
"240","NR_119025.1 ","Fluoribacter umoffii"," ","NY 23","","16S ribosomal RNA","partial sequence",220
"241","NR_026117.1 ","Legionella eeleii"," ","","strain WO-44C","16S ribosomal RNA","partial sequence",224
"242","NR_042906.1 ","Legionella ongbeachae"," ","","strain ATCC 33462","16S ribosomal RNA","partial sequence",225
"243","NR_113235.1 ","Legionella neumophila"," ","","strain JCM 7571","16S ribosomal RNA","partial sequence",135
"244","NR_116420.1 ","Legionella agasakiensis"," ","","strain CDC-1796-JAP-E","16S ribosomal RNA","partial sequence",226
"245","NR_119027.1 ","Legionella sraelensis"," ","","strain ATCC 43119","16S ribosomal RNA","partial sequence",227
"246","NR_036894.1 ","Legionella sraelensis"," ","","strain Bercovier-4","16S ribosomal RNA","partial sequence",231
"247","NR_036992.1 ","Legionella ordanis"," ","","strain BL-540","16S ribosomal RNA","partial sequence",249
"248","NR_041791.1 ","Tatlockia icdadei"," ","","strain ATCC 33218","16S ribosomal RNA","partial sequence",256
"249","NR_036991.1 ","Legionella ubrilucens"," ","","strain WA-270A-C2","16S ribosomal RNA","partial sequence",257
"250","NR_036804.1 ","Legionella owbothamii"," ","","strain LLAP6","16S ribosomal RNA gene","partial sequence",258
"251","NR_029369.1 ","Legionella rythra"," ","","strain SE-32A-C8","16S ribosomal RNA","partial sequence",259
"252","NR_041742.1 ","Legionella neumophila"," subsp. pascullei","","strain U8W","16S ribosomal RNA","partial sequence",135
"253","NR_118943.1 ","Legionella aceachernii"," ","","strain NCTC 11982","16S ribosomal RNA","partial sequence",184
"254","NR_026522.1 ","Legionella ucsonensis"," ","","strain 087-AZ-H","16S ribosomal RNA","partial sequence",261
"255","NR_024969.1 ","Legionella altersii"," ","","strain 2074-AUS-E","16S ribosomal RNA","partial sequence",266
"256","NR_036803.1 ","Legionella rozanskii"," ","","strain LLAP1","16S ribosomal RNA gene","partial sequence",267
"257","NR_119320.1 ","Legionella hakespearei"," ","","strain NCTC 12829","16S ribosomal RNA","partial sequence",270
"258","NR_044966.1 ","Legionella uinlivanii"," ","","strain 1442-Aus-E","16S ribosomal RNA","partial sequence",271
"259","NR_028744.1 ","Legionella resilensis"," ","","strain Greoux 11 D13","16S ribosomal RNA","partial sequence",275
"260","NR_044969.1 ","Legionella teigerwaltii"," ","","strain NCTC 11991","16S ribosomal RNA","partial sequence",277
"261","NR_109426.1 ","Legionella ardiaca"," ","","strain H63","16S ribosomal RNA","partial sequence",280
"262","NR_041322.1 ","Legionella abuuchiae"," ","","strain OA1-2","16S ribosomal RNA","partial sequence",281
"263","NR_044952.1 ","Legionella delaidensis"," ","","strain NCTC 12735","16S ribosomal RNA","partial sequence",284
"264","NR_036990.1 ","Legionella akridgensis"," ","","strain OR-10","16S ribosomal RNA","partial sequence",54
"265","NR_044957.1 ","Legionella eestiana"," ","","strain NCTC 12373","16S ribosomal RNA","partial sequence",285
"266","NR_044955.1 ","Legionella incinnatiensis"," ","","strain NCTC 12438","16S ribosomal RNA","partial sequence",286
"267","NR_044971.1 ","Legionella orsleiensis"," ","","strain NCTC 12377","16S ribosomal RNA","partial sequence",287
"268","NR_044956.1 ","Legionella airfieldensis"," ","","strain NCTC 12488","16S ribosomal RNA","partial sequence",288
"269","NR_044959.1 ","Legionella amestowniensis"," ","","strain NCTC 11981","16S ribosomal RNA","partial sequence",289
"270","NR_044963.1 ","Legionella ondiniensis"," ","","strain NCTC 12374","16S ribosomal RNA","partial sequence",290
"271","NR_044962.1 ","Legionella oravica"," ","","strain NCTC 12239","16S ribosomal RNA","partial sequence",291
"272","NR_044965.1 ","Legionella uateirensis"," ","","strain 1335","16S ribosomal RNA","partial sequence",292
"273","NR_044964.1 ","Legionella arisiensis"," ","","strain NCTC 11983","16S ribosomal RNA","partial sequence",293
"274","NR_044967.1 ","Legionella ainthelensi"," ","","strain NCTC 11988","16S ribosomal RNA","partial sequence",294
"275","NR_044958.1 ","Legionella ratiana"," ","","strain NCTC 12388","16S ribosomal RNA","partial sequence",295
"276","NR_036988.1 ","Legionella nisa"," ","","strain WA-316-C3","16S ribosomal RNA","partial sequence",296
"277","NR_044961.1 ","Legionella autarum"," ","","strain NCTC 12375","16S ribosomal RNA","partial sequence",297
"278","NR_044960.1 ","Legionella ansingensis"," ","","strain NCTC 12830","16S ribosomal RNA","partial sequence",298
"279","NR_044954.1 ","Legionella herrii"," ","","strain NCTC 11976","16S ribosomal RNA","partial sequence",299
"280","NR_117981.1 ","Legionella teelei"," ","","strain IMVS-3376","16S ribosomal RNA","partial sequence",300
"281","NR_114433.1 ","Legionella aurinensis"," ","","strain Turin I n#1","16S ribosomal RNA","partial sequence",301
"282","NR_026335.1 ","Legionella rancourtii"," ","LLAP12","","16S ribosomal RNA","partial sequence",302
"283","NR_125584.1 ","Legionella ozemanae"," ","","strain MDC1577","16S ribosomal RNA","partial sequence",303
"284","NR_121591.1 ","Thermoanaerobacter seudethanolicus"," ","","strain 39E","16S ribosomal RNA","partial sequence",1
"285","NR_044618.1 ","Thermoanaerobacter hermohydrosulfuricus"," ","","strain E100-69","16S ribosomal RNA","partial sequence",1
"286","NR_044619.1 ","Thermoanaerobacter thanolicus"," ","","strain JW-200","16S ribosomal RNA","partial sequence",2
"287","NR_044620.1 ","Thermoanaerobacter cetoethylicus"," ","","strain HTB2","16S ribosomal RNA","partial sequence",3
"288","NR_119001.1 ","Thermoanaerobacter cetoethylicus"," ","","strain ATCC 33265","16S ribosomal RNA","partial sequence",3
"289","NR_075068.1 ","Desulfofundulus uznetsovii"," ","DSM 6115","","16S ribosomal RNA","partial sequence",4
"290","NR_041819.1 ","Gelria lutamica"," ","","strain TGO","16S ribosomal RNA","partial sequence",5
"291","NR_117588.1 ","Desulfofundulus uciae"," ","","strain DSM 12396","16S ribosomal RNA","partial sequence",6
"292","NR_117589.1 ","Desulfofundulus uciae"," ","","strain DSM 12396","16S ribosomal RNA","partial sequence",6
"293","NR_117590.1 ","Desulfofundulus uciae"," ","","strain DSM 12396","16S ribosomal RNA","partial sequence",6
"294","NR_117587.1 ","Desulfofundulus uciae"," ","","strain DSM 12396","16S ribosomal RNA","partial sequence",6
"295","NR_115129.1 ","Desulfofundulus uznetsovii"," ","DSM 6115","strain 17","16S ribosomal RNA","complete sequence",7
"296","NR_115128.1 ","Desulfofundulus uznetsovii"," ","DSM 6115","strain 17","16S ribosomal RNA","complete sequence",8
"297","NR_121797.1 ","Desulfitobacterium afniense"," ","DCB-2","","16S ribosomal RNA","partial sequence",9
"298","NR_044617.1 ","Thermoanaerobacter ivui"," ","","strain LKT-1","16S ribosomal RNA","partial sequence",10
"299","NR_122067.1 ","Desulfitobacterium afniense"," ","DCB-2","","16S ribosomal RNA","partial sequence",11
"300","NR_117164.1 ","Ruminiclostridium ungatei"," ","","strain DSM 14427","16S ribosomal RNA","partial sequence",12
"301","NR_156075.1 ","Lactobacillus olini"," ","","strain 111144-L1","16S ribosomal RNA","partial sequence",14
"302","NR_133768.1 ","Lactobacillus odentium"," ","","strain MYMRS/TLU1","16S ribosomal RNA","partial sequence",276
"303","NR_126253.1 ","Lactobacillus elsingborgensis"," ","","strain Bma5N","16S ribosomal RNA","partial sequence",272
"304","NR_126252.1 ","Lactobacillus elliventris"," ","","strain Hma8N","16S ribosomal RNA","partial sequence",273
"305","NR_126251.1 ","Lactobacillus ullabergensis"," ","","strain Biut2N","16S ribosomal RNA","partial sequence",274
"306","NR_126250.1 ","Lactobacillus imbladii"," ","","strain Hma2N","16S ribosomal RNA","partial sequence",274
"307","NR_125702.1 ","Lactobacillus pis"," ","","strain R4B","16S ribosomal RNA","partial sequence",278
"308","NR_125548.1 ","Lactobacillus ominis"," ","DSM 23910 = CRBIP 24.179","","16S ribosomal RNA","partial sequence",15
"309","NR_118877.1 ","Lactobacillus elbrueckii"," ","","strain NCDO 213","16S ribosomal RNA","partial sequence",157
"310","NR_117074.1 ","Lactobacillus elbrueckii"," ","","strain NCIB 8130","16S ribosomal RNA","partial sequence",16
"311","NR_117072.1 ","Lactobacillus ensenii"," ","","strain Gasser 62G","16S ribosomal RNA","partial sequence",142
"312","NR_117071.1 ","Lactobacillus ntestinalis"," ","","strain TH4","16S ribosomal RNA","partial sequence",264
"313","NR_117062.1 ","Lactobacillus cidophilus"," ","","strain VPI 6032","16S ribosomal RNA","partial sequence",61
"314","NR_117058.1 ","Lactobacillus asteurii"," ","DSM 23907 = CRBIP 24.76","strain 1517","16S ribosomal RNA","partial sequence",279
"315","NR_117057.1 ","Lactobacillus igeriorum"," ","DSM 23908 = CRBIP 24.85","","16S ribosomal RNA","partial sequence",265
"316","NR_113387.1 ","Lactobacillus elbrueckii"," subsp. sunkii","","strain YIT 11221","16S ribosomal RNA","partial sequence",16
"317","NR_112652.1 ","Lactobacillus quicursoris"," ","DSM 19284 = JCM 14600 = CIP 110162","strain DI70","16S ribosomal RNA","partial sequence",159
"318","NR_029352.1 ","Lactobacillus mylolyticus"," ","DSM 11664","strain LA 5","16S ribosomal RNA","partial sequence",23
"319","NR_075051.2 ","Lactobacillus asseri"," ","ATCC 33323 = JCM 1131","","16S ribosomal RNA","complete sequence",13
"320","NR_136436.1 ","Lactobacillus ombicola"," ","","strain R-53102","16S ribosomal RNA","partial sequence",110
"321","NR_126243.1 ","Lactobacillus elbrueckii"," subsp. jakobsenii","","strain ZN7a-9","16S ribosomal RNA","partial sequence",16
"322","NR_125811.1 ","Lactobacillus sittaci"," ","","","16S ribosomal RNA","partial sequence",282
"323","NR_125448.1 ","Lactobacillus sittaci"," ","DSM 15354","strain JCM 11552","16S ribosomal RNA","partial sequence",282
"324","NR_119274.1 ","Lactobacillus rispatus"," ","","strain DSM 20584","16S ribosomal RNA","partial sequence",17
"325","NR_118558.1 ","Lactobacillus elbrueckii"," subsp. bulgaricus ","ATCC 11842 = JCM 1002","","16S ribosomal RNA","partial sequence",16
"326","NR_117812.1 ","Lactobacillus cidophilus"," ","","strain JCM 1132","16S ribosomal RNA","partial sequence",61
"327","NR_117768.1 ","Lactobacillus elbrueckii"," ","","strain DSM 20074","16S ribosomal RNA","partial sequence",16
"328","NR_117574.1 ","Lactobacillus ohnsonii"," ","","strain CIP 103620","16S ribosomal RNA","partial sequence",13
"329","NR_117573.1 ","Lactobacillus asseri"," ","","strain CIP 102991","16S ribosomal RNA","partial sequence",13
"330","NR_117076.1 ","Lactobacillus elbrueckii"," subsp. lactis ","DSM 20072","","16S ribosomal RNA","partial sequence",16
"331","NR_117075.1 ","Lactobacillus elbrueckii"," subsp. bulgaricus ","ATCC 11842 = JCM 1002","","16S ribosomal RNA","partial sequence",16
"332","NR_117073.1 ","Lactobacillus cetotolerans"," ","DSM 20749 = JCM 3825","","16S ribosomal RNA","partial sequence",141
"333","NR_117070.1 ","Lactobacillus alixensis"," ","","strain CCUG 48459","16S ribosomal RNA","partial sequence",18
"334","NR_117069.1 ","Lactobacillus mylolyticus"," ","","strain CCUG 39901","16S ribosomal RNA","partial sequence",23
"335","NR_117068.1 ","Lactobacillus amsteri"," ","","strain JCM 6256","16S ribosomal RNA","partial sequence",150
"336","NR_117067.1 ","Lactobacillus efiranofaciens"," subsp. kefirgranum","","strain JCM 8572","16S ribosomal RNA","partial sequence",20
"337","NR_117066.1 ","Lactobacillus efiranofaciens"," ","","strain ATCC 43761","16S ribosomal RNA","partial sequence",20
"338","NR_117065.1 ","Lactobacillus ltunensis"," ","","strain CCUG 48460","16S ribosomal RNA","partial sequence",21
"339","NR_117064.1 ","Lactobacillus mylovorus"," ","DSM 20531","","16S ribosomal RNA","partial sequence",121
"340","NR_117063.1 ","Lactobacillus rispatus"," ","","strain DSM 20584","16S ribosomal RNA","partial sequence",17
"341","NR_117061.1 ","Lactobacillus allinarum"," ","","strain ATCC 33199","16S ribosomal RNA","partial sequence",19
"342","NR_117060.1 ","Lactobacillus elveticus"," ","DSM 20075 = CGMCC 1.1877","","16S ribosomal RNA","partial sequence",19
"343","NR_115132.1 ","Lactobacillus elbrueckii"," ","","strain ATCC 9649","16S ribosomal RNA","partial sequence",16
"344","NR_115131.1 ","Lactobacillus elbrueckii"," subsp. bulgaricus ","ATCC 11842 = JCM 1002","","16S ribosomal RNA","partial sequence",16
"345","NR_114903.1 ","Lactobacillus efiranofaciens"," ","","strain LMG 19149","16S ribosomal RNA","partial sequence",20
"346","NR_114722.1 ","Lactobacillus allinarum"," ","","strain ATCC 33199","16S ribosomal RNA","partial sequence",44
"347","NR_114168.1 ","Lactobacillus elbrueckii"," subsp. lactis","","strain NBRC 102622","16S ribosomal RNA","partial sequence",16
"348","NR_113719.1 ","Lactobacillus elveticus"," ","","strain NBRC 15019","16S ribosomal RNA","partial sequence",19
"349","NR_113639.1 ","Lactobacillus elbrueckii"," subsp. bulgaricus","","strain NBRC 13953","16S ribosomal RNA","partial sequence",16
"350","NR_113638.1 ","Lactobacillus cidophilus"," ","","strain NBRC 13951","16S ribosomal RNA","partial sequence",61
"351","NR_113575.1 ","Lactobacillus elbrueckii"," ","","strain NBRC 3202","16S ribosomal RNA","partial sequence",16
"352","NR_113261.1 ","Lactobacillus allinarum"," ","","strain JCM 2011","16S ribosomal RNA","partial sequence",19
"353","NR_112683.1 ","Lactobacillus cetotolerans"," ","DSM 20749 = JCM 3825","","16S ribosomal RNA","partial sequence",161
"354","NR_044699.2 ","Lactobacillus cetotolerans"," ","","strain DSM 20749","16S ribosomal RNA","partial sequence",122
"355","NR_104969.1 ","Lactobacillus eichmannii"," ","","strain LMG 13136","16S ribosomal RNA","partial sequence",16
"356","NR_104836.1 ","Lactobacillus ogosae"," ","","strain ATCC 27753","16S ribosomal RNA","partial sequence",262
"357","NR_075019.1 ","Lactobacillus elbrueckii"," subsp. bulgaricus ","ATCC 11842 = JCM 1002","","16S ribosomal RNA","partial sequence",16
"358","NR_043183.1 ","Lactobacillus elbrueckii"," ","","strain BCRC 12195","16S ribosomal RNA","partial sequence",16
"359","NR_043182.1 ","Lactobacillus cidophilus"," ","","strain BCRC10695","16S ribosomal RNA","partial sequence",61
"360","NR_042802.1 ","Lactobacillus ltunensis"," ","","strain Kx146C1","16S ribosomal RNA","partial sequence",21
"361","NR_042441.1 ","Lactobacillus efiranofaciens"," subsp. kefirgranum","","strain DSM 10550","16S ribosomal RNA","partial sequence",20
"362","NR_042440.1 ","Lactobacillus efiranofaciens"," ","","strain WT-2B","16S ribosomal RNA","partial sequence",20
"363","NR_042439.1 ","Lactobacillus elveticus"," ","DSM 20075 = CGMCC 1.1877","","16S ribosomal RNA","partial sequence",19
"364","NR_042111.1 ","Lactobacillus allinarum"," ","","strain ATCC 33199","16S ribosomal RNA","partial sequence",19
"365","NR_041800.1 ","Lactobacillus rispatus"," ","","strain ATCC 33820","16S ribosomal RNA","partial sequence",17
"366","NR_044507.1 ","Lactobacillus aiwanensis"," ","","strain BCRC 17755","16S ribosomal RNA","partial sequence",13
"367","NR_043287.1 ","Lactobacillus mylovorus"," ","DSM 20531","","16S ribosomal RNA","partial sequence",140
"368","NR_042728.1 ","Lactobacillus elbrueckii"," subsp. lactis"," DSM 20072","strain ATCC 12315","16S ribosomal RNA","partial sequence",16
"369","NR_029106.1 ","Lactobacillus elbrueckii"," subsp. indicus","","strain NCC725","16S ribosomal RNA","partial sequence",16
"370","NR_029083.1 ","Lactobacillus alixensis"," ","","strain Kx127A2","16S ribosomal RNA","partial sequence",18
"371","NR_025449.1 ","Lactobacillus ntestinalis"," ","","strain DSM 6629","16S ribosomal RNA","partial sequence",131
"372","NR_025448.1 ","Lactobacillus amsteri"," ","","strain DSM 5661","16S ribosomal RNA","partial sequence",136
"373","NR_025273.1 ","Lactobacillus ohnsonii"," ","","strain ATCC 33200","16S ribosomal RNA","partial sequence",13
"374","NR_025087.1 ","Lactobacillus ensenii"," ","","strain ATCC 25258","16S ribosomal RNA","partial sequence",142
"375","NR_024885.1 ","Lactobacillus elangorensis"," ","","strain LMG 17710","16S ribosomal RNA","partial sequence",145
"376","NR_024813.1 ","Lactobacillus itasatonis"," ","","strain JCM 1039","16S ribosomal RNA","partial sequence",121
"377","NR_026509.1 ","Lactobacillus ornicalis"," ","","strain TV1018","16S ribosomal RNA","partial sequence",283
"378","NR_041920.1 ","Lactobacillus asseri"," ","ATCC 33323 = JCM 1131","","16S ribosomal RNA","partial sequence",13
"379","NR_036982.1 ","Lactobacillus ners"," ","","strain DSM 13335","16S ribosomal RNA gene","partial sequence",25
"380","NR_112585.1 ","Streptomyces hermocarboxydus"," ","","strain NBRC 16323","16S ribosomal RNA","partial sequence",260
"381","NR_112204.1 ","Brevibacillus revis"," ","","strain DSM 30","16S ribosomal RNA","partial sequence",160
"382","NR_115953.1 ","Priestia ryabhattai"," ","B8W22","","16S ribosomal RNA","partial sequence",45
"383","NR_112372.1 ","Streptomyces okosukanensis"," ","","strain NBRC 13108","16S ribosomal RNA","partial sequence",199
"384","NR_036907.1 ","Staphylococcus ylosus"," ","","strain KL 162","16S ribosomal RNA","partial sequence",172
"385","NR_025871.2 ","Streptomyces endae"," ","","strain ATCC 19812","16S ribosomal RNA","complete sequence",87
"386","NR_114647.1 ","Streptomyces exicanus"," ","","strain CH-M-1035","16S ribosomal RNA","partial sequence",263
"387","NR_102783.2 ","Bacillus ubtilis"," subsp. subtilis","","strain 168","16S ribosomal RNA","complete sequence",22
"388","NR_041186.1 ","Streptomyces riseoaurantiacus"," ","","strain NBRC 15440","16S ribosomal RNA","partial sequence",181
"389","NR_114074.1 ","Acinetobacter adioresistens"," ","","strain NBRC 102413","16S ribosomal RNA","partial sequence",240
"390","NR_115388.1 ","Streptomyces alvus"," ","","strain CSSP532","16S ribosomal RNA","partial sequence",146
"391","NR_115231.1 ","Streptomyces riseoaurantiacus"," ","","strain DSM 40430","16S ribosomal RNA","partial sequence",181
"392","NR_042191.1 ","Pseudomonas sychrotolerans"," ","","strain C36","16S ribosomal RNA","partial sequence",255
"393","NR_159271.1 ","Streptomyces innabarigriseus"," ","","strain JS360","16S ribosomal RNA","partial sequence",130
"394","NR_040857.1 ","Streptomyces alilaeus"," ","","strain JCM 4757","16S ribosomal RNA","partial sequence",162
"395","NR_165725.1 ","Brevibacillus ntibioticus"," ","","strain TGS2-1","16S ribosomal RNA","partial sequence",187
"396","NR_157735.1 ","Bacillus roteolyticus"," ","","strain MCCC 1A00365","16S ribosomal RNA","partial sequence",137
"397","NR_112116.2 ","Bacillus ubtilis"," ","","strain IAM 12118","16S ribosomal RNA","complete sequence",22
"398","NR_026187.1 ","Arthrobacter lobiformis"," ","","strain DSM 20124","16S ribosomal RNA","partial sequence",232
"399","NR_149214.1 ","Lentzea hajnantorensis"," ","","strain H45","16S ribosomal RNA","partial sequence",268
"400","NR_025548.1 ","Microbacterium araoxydans"," ","","strain CF36","16S ribosomal RNA","partial sequence",154
"401","NR_074244.1 ","Methylobacterium adiotolerans"," ","JCM 2831","","16S ribosomal RNA","partial sequence",176
"402","NR_074215.1 ","Methylorubrum xtorquens"," ","CM4","","16S ribosomal RNA","partial sequence",192
"403","NR_145603.1 ","Caballeronia oncitans"," ","","strain LMG 29315","16S ribosomal RNA","partial sequence",164
"404","NR_115034.1 ","Curtobacterium itreum"," ","","strain DSM 20528","16S ribosomal RNA","partial sequence",195
"405","NR_074902.1 ","Escherichia ergusonii"," ","ATCC 35469","","16S ribosomal RNA","complete sequence",24
"406","NR_136867.1 ","Streptomyces yslabdanicus"," ","","strain K04-0144","16S ribosomal RNA","partial sequence",163
"407","NR_042136.1 ","Peribacillus implex"," ","NBRC 15720 = DSM 1321","","16S ribosomal RNA","partial sequence",104
"408","NR_042295.1 ","Streptomyces lobosus"," ","","strain LMG 19896","16S ribosomal RNA","partial sequence",169
"409","NR_036904.1 ","Staphylococcus pidermidis"," ","","strain Fussel","16S ribosomal RNA","partial sequence",177
"410","NR_125619.1 ","Streptomyces ratensis"," ","","strain ch24","16S ribosomal RNA","partial sequence",173
"411","NR_042937.1 ","Cellulosimicrobium unkei"," ","","strain W6122","16S ribosomal RNA","partial sequence",269
"412","NR_042072.1 ","Lysinibacillus usiformis"," ","","strain DSM 2898","16S ribosomal RNA","partial sequence",126
"413","NR_113957.1 ","Staphylococcus pidermidis"," ","","strain NBRC 100911","16S ribosomal RNA","partial sequence",177
"414","NR_125706.1 ","Streptomyces iujiangensis"," ","","strain JXJ 0074","16S ribosomal RNA","partial sequence",127
